redirect_group	source	target	code	status
Verwijzingen	/advies-van-een-beton-cire-specialist-op-locatie/	https://beton-cire-webshop.nl/workshops/	301	enabled
Verwijzingen	/all-in-one-los-plus-extra-presealer/	https://beton-cire-webshop.nl/	301	enabled
Verwijzingen	/ardex-a950-reparatie-en-oppervlakteproduct/	https://beton-cire-webshop.nl/ardex-a950/	301	enabled
Verwijzingen	/ardex-r1-renovatiepleister-25kg-7m2/	https://beton-cire-webshop.nl/ardex-r1-renovatiepleister-25kg-7m%C2%B2/	301	enabled
Verwijzingen	/badkamer-maken/	https://beton-cire-webshop.nl/ruimtes/beton-cire-badkamer/	301	enabled
Verwijzingen	/badkamer-tegels-bedekken-met-beton-cire/	https://beton-cire-webshop.nl/ruimtes/beton-cire-over-tegels/	301	enabled
Verwijzingen	/bedankt-voor-je-aanvraag/	https://beton-cire-webshop.nl/	301	enabled
Verwijzingen	/bestel/beton-cire-original-3x-pu-keuken/	https://beton-cire-webshop.nl/beton-cire-original/	301	enabled
Verwijzingen	/bestel/beton-cire-original-meubels-1m²/	https://beton-cire-webshop.nl/beton-cire-original/	301	enabled
Verwijzingen	/bestel/beton-cire-original-meubels-1m²/	https://beton-cire-webshop.nl/beton-cire-original/	301	enabled
Verwijzingen	/bestel/beton-cire-original-meubels-1m²/?lang=en	https://beton-cire-webshop.nl/beton-cire-original/	301	enabled
Verwijzingen	/bestel/beton-cire-original-vloeren-1m²/	https://beton-cire-webshop.nl/beton-cire-original/	301	enabled
Verwijzingen	/bestel/beton-cire-original-wanden-muren-1m²/	https://beton-cire-webshop.nl/beton-cire-original/	301	enabled
Verwijzingen	/bestel/beton-cire-original-wanden-muren-1m²/?lang=en	https://beton-cire-webshop.nl/beton-cire-original/	301	enabled
Verwijzingen	/bestel/gereedschap-en-losse-producten/gereedschap/spackmes-300mm/	https://beton-cire-webshop.nl/spackmes-400mm/	301	enabled
Verwijzingen	/beton-cire-2k-epoxystone/	https://beton-cire-webshop.nl/lavasteen-gietvloer/	301	enabled
Verwijzingen	/beton-cire-aanbrengen-op-een-muur-wat-heb-je-nodig/	https://beton-cire-webshop.nl/kennisbank/beton-cire-aanbrengen/	301	enabled
Verwijzingen	/beton-cire-aanbrengen-op-een-muur-wat-heeft-u-nodig/	https://beton-cire-webshop.nl/kennisbank/beton-cire-aanbrengen/	301	enabled
Verwijzingen	/beton-cire-aanbrengen/	https://beton-cire-webshop.nl/kennisbank/beton-cire-aanbrengen/	301	enabled
Verwijzingen	/beton-cire-advies/	https://beton-cire-webshop.nl/	301	enabled
Verwijzingen	/beton-cire-all-in-one-easyline-kleuren/	https://beton-cire-webshop.nl/product-categorie/beton-cire/easyline/	301	enabled
Verwijzingen	/beton-cire-all-in-one-easyline-standaard-kleuren/	https://beton-cire-webshop.nl/product-categorie/beton-cire/easyline/	301	enabled
Verwijzingen	/beton-cire-all-in-one-kant-klaar-basegrey/	https://beton-cire-webshop.nl/beton-cire-all-in-one-kant-klaar-base-grey/	301	enabled
Verwijzingen	/beton-cire-all-in-one-kant-klaar-bitofgreen/	https://beton-cire-webshop.nl/beton-cire-all-in-one-kant-klaar-bit-of-green/	301	enabled
Verwijzingen	/beton-cire-all-in-one-kant-klaar-coconutgrove/	https://beton-cire-webshop.nl/beton-cire-all-in-one-kant-klaar-coconut-grove/	301	enabled
Verwijzingen	/beton-cire-all-in-one-kant-klaar-darknight/	https://beton-cire-webshop.nl/beton-cire-all-in-one-kant-klaar-darknight/	301	enabled
Verwijzingen	/beton-cire-all-in-one-kant-klaar-darkshades/	https://beton-cire-webshop.nl/beton-cire-all-in-one-kant-klaar-dark-shades/	301	enabled
Verwijzingen	/beton-cire-all-in-one-kant-klaar-dustyrose/	https://beton-cire-webshop.nl/beton-cire-all-in-one-kant-klaar-dusty-rose/	301	enabled
Verwijzingen	/beton-cire-all-in-one-kant-klaar-emeraldbay/	https://beton-cire-webshop.nl/beton-cire-all-in-one-kant-klaar-emerald-bay/	301	enabled
Verwijzingen	/beton-cire-all-in-one-kant-klaar-groundcover/	https://beton-cire-webshop.nl/beton-cire-all-in-one-kant-klaar-ground-cover/	301	enabled
Verwijzingen	/beton-cire-all-in-one-kant-klaar-islandstone/	https://beton-cire-webshop.nl/beton-cire-all-in-one-kant-klaar-island-stone/	301	enabled
Verwijzingen	/beton-cire-all-in-one-kant-klaar-newyork/	https://beton-cire-webshop.nl/beton-cire-all-in-one-kant-klaar-new-york/	301	enabled
Verwijzingen	/beton-cire-all-in-one-kant-klaar-olivevierge/	https://beton-cire-webshop.nl/beton-cire-all-in-one-kant-klaar-olive-vierge/	301	enabled
Verwijzingen	/beton-cire-all-in-one-kant-klaar-palestone/	https://beton-cire-webshop.nl/beton-cire-all-in-one-kant-klaar-pale-stone/	301	enabled
Verwijzingen	/beton-cire-all-in-one-kant-klaar-pearlwhite/	https://beton-cire-webshop.nl/beton-cire-all-in-one-kant-klaar-pearl-white/	301	enabled
Verwijzingen	/beton-cire-all-in-one-kant-klaar-purewhite/	https://beton-cire-webshop.nl/beton-cire-all-in-one-kant-klaar-pure-white/	301	enabled
Verwijzingen	/beton-cire-all-in-one-kant-klaar-sandybeach/	https://beton-cire-webshop.nl/beton-cire-all-in-one-kant-klaar-sandy-beach/	301	enabled
Verwijzingen	/beton-cire-all-in-one-kant-klaar-smoothgrey/	https://beton-cire-webshop.nl/beton-cire-all-in-one-kant-klaar-smooth-grey/	301	enabled
Verwijzingen	/beton-cire-badkamer-maken/	https://beton-cire-webshop.nl/keuzehulp/voordelen-en-nadelen-beton-cire-badkamer/	301	enabled
Verwijzingen	/beton-cire-buitenkeuken/	https://beton-cire-webshop.nl/kennisbank/beton-cire-keukenblad-maken-bekijk-voorbeelden-van-binnen-en-buitenkeukens/	301	enabled
Verwijzingen	/beton-cire-easyline-1m2-2x-pu-kopie/	https://beton-cire-webshop.nl/beton-cire-easyline-kant-en-klaar/	301	enabled
Verwijzingen	/beton-cire-easyline-all-in-one-voor-badkamers/	https://beton-cire-webshop.nl/beton-cire-easyline-all-in-one/	301	enabled
Verwijzingen	/beton-cire-easyline-all-in-one-voor-keukens/	https://beton-cire-webshop.nl/beton-cire-easyline-all-in-one/	301	enabled
Verwijzingen	/beton-cire-easyline-all-in-one-voor-meubels/	https://beton-cire-webshop.nl/beton-cire-easyline-all-in-one/	301	enabled
Verwijzingen	/beton-cire-easyline-all-in-one-voor-trappen/	https://beton-cire-webshop.nl/beton-cire-easyline-all-in-one/	301	enabled
Verwijzingen	/beton-cire-easyline-all-in-one-voor-vloeren/	https://beton-cire-webshop.nl/beton-cire-easyline-all-in-one/	301	enabled
Verwijzingen	/beton-cire-easyline-all-in-one-voor-wanden/	https://beton-cire-webshop.nl/beton-cire-easyline-all-in-one/	301	enabled
Verwijzingen	/beton-cire-easyline-kant-en-klaar-voor-badkamers/	https://beton-cire-webshop.nl/beton-cire-easyline-kant-en-klaar/	301	enabled
Verwijzingen	/beton-cire-easyline-kant-en-klaar-voor-keukens/	https://beton-cire-webshop.nl/beton-cire-easyline-kant-en-klaar/	301	enabled
Verwijzingen	/beton-cire-easyline-kant-en-klaar-voor-meubels/	https://beton-cire-webshop.nl/beton-cire-easyline-kant-en-klaar/	301	enabled
Verwijzingen	/beton-cire-easyline-kant-en-klaar-voor-trappen/	https://beton-cire-webshop.nl/beton-cire-easyline-kant-en-klaar/	301	enabled
Verwijzingen	/beton-cire-easyline-kant-en-klaar-voor-vloeren/	https://beton-cire-webshop.nl/beton-cire-easyline-kant-en-klaar/	301	enabled
Verwijzingen	/beton-cire-easyline-kant-en-klaar-voor-wanden/	https://beton-cire-webshop.nl/beton-cire-easyline-kant-en-klaar/	301	enabled
Verwijzingen	/beton-cire-easyline-kant-klaar-coconutgrove/	https://beton-cire-webshop.nl/beton-cire-easyline-kant-klaar-coconut-grove/	301	enabled
Verwijzingen	/beton-cire-easyline-kant-klaar-darknight/	https://beton-cire-webshop.nl/beton-cire-easyline-kant-klaar-dark-night/	301	enabled
Verwijzingen	/beton-cire-easyline-kant-klaar-darkshades/	https://beton-cire-webshop.nl/beton-cire-easyline-kant-klaar-dark-shades/	301	enabled
Verwijzingen	/beton-cire-easyline-kant-klaar-dustyrose/	https://beton-cire-webshop.nl/beton-cire-easyline-kant-klaar-dusty-rose/	301	enabled
Verwijzingen	/beton-cire-easyline-kant-klaar-emeraldbay/	https://beton-cire-webshop.nl/beton-cire-easyline-kant-klaar-emerald-bay/	301	enabled
Verwijzingen	/beton-cire-easyline-kant-klaar-groundcover/	https://beton-cire-webshop.nl/beton-cire-easyline-kant-klaar-ground-cover/	301	enabled
Verwijzingen	/beton-cire-easyline-kant-klaar-islandstone/	https://beton-cire-webshop.nl/beton-cire-easyline-kant-klaar-island-stone/	301	enabled
Verwijzingen	/beton-cire-easyline-kant-klaar-newyork/	https://beton-cire-webshop.nl/beton-cire-easyline-kant-klaar-new-york/	301	enabled
Verwijzingen	/beton-cire-easyline-kant-klaar-olivevierge/	https://beton-cire-webshop.nl/beton-cire-easyline-kant-klaar-olive-vierge/	301	enabled
Verwijzingen	/beton-cire-easyline-kant-klaar-palestone/	https://beton-cire-webshop.nl/beton-cire-easyline-kant-klaar-pale-stone/	301	enabled
Verwijzingen	/beton-cire-easyline-kant-klaar-purewhite/	https://beton-cire-webshop.nl/beton-cire-easyline-kant-klaar-pure-white/	301	enabled
Verwijzingen	/beton-cire-easyline-kant-klaar-sandybeach/	https://beton-cire-webshop.nl/beton-cire-easyline-kant-klaar-sandy-beach/	301	enabled
Verwijzingen	/beton-cire-easyline-kant-klaar-simplygrey/	https://beton-cire-webshop.nl/beton-cire-easyline-kant-klaar-simply-grey/	301	enabled
Verwijzingen	/beton-cire-easyline-kant-klaar-smoothgrey/	https://beton-cire-webshop.nl/beton-cire-easyline-kant-klaar-smooth-grey/	301	enabled
Verwijzingen	/beton-cire-easyline-kant-klaar-stonegrey/	https://beton-cire-webshop.nl/beton-cire-easyline-kant-klaar-stone-grey/	301	enabled
Verwijzingen	/beton-cire-easyline-kleuren/	https://beton-cire-webshop.nl/product-categorie/beton-cire/easyline/	301	enabled
Verwijzingen	/beton-cire-easyline-ncs-kleuren/	https://beton-cire-webshop.nl/kleuren/	301	enabled
Verwijzingen	/beton-cire-easyline-ral-kleuren/	https://beton-cire-webshop.nl/ral-kleuren/	301	enabled
Verwijzingen	/beton-cire-easyline-voor-badkamers-vanaf-5m2/	https://beton-cire-webshop.nl/beton-cire-easyline-kant-en-klaar/	301	enabled
Verwijzingen	/beton-cire-easyline-voor-keukens-vanaf-5m2/	https://beton-cire-webshop.nl/beton-cire-easyline-kant-en-klaar/	301	enabled
Verwijzingen	/beton-cire-easyline-voor-meubels-vanaf-5m2/	https://beton-cire-webshop.nl/beton-cire-easyline-kant-en-klaar/	301	enabled
Verwijzingen	/beton-cire-easyline-voor-trappen-vanaf-5m2/	https://beton-cire-webshop.nl/beton-cire-easyline-kant-en-klaar/	301	enabled
Verwijzingen	/beton-cire-easyline-voor-vloeren-vanaf-5m2/	https://beton-cire-webshop.nl/beton-cire-easyline-kant-en-klaar/	301	enabled
Verwijzingen	/beton-cire-easyline-voor-wanden-vanaf-5m2/	https://beton-cire-webshop.nl/beton-cire-easyline-kant-en-klaar/	301	enabled
Verwijzingen	/beton-cire-gereedschapsset/	https://beton-cire-webshop.nl/gereedschapsset-beton-cire-kant-en-klaar-all-in-one-easyline/	301	enabled
Verwijzingen	/beton-cire-kennisbank/badkamertegels-bedekken-met-beton-cire/	https://beton-cire-webshop.nl/ruimtes/beton-cire-over-tegels/	301	enabled
Verwijzingen	/beton-cire-kennisbank/beton-cire-badkamer/	https://beton-cire-webshop.nl/keuzehulp/voordelen-en-nadelen-beton-cire-badkamer/	301	enabled
Verwijzingen	/beton-cire-kennisbank/beton-cire-keukenblad-maken-voorbeelden/	https://beton-cire-webshop.nl/keuzehulp/beton-cire-keukenblad-maken-bekijk-voorbeelden-van-binnen-en-buitenkeukens/	301	enabled
Verwijzingen	/beton-cire-kennisbank/beton-cire-kopen-waar-op-letten/	https://beton-cire-webshop.nl/	301	enabled
Verwijzingen	/beton-cire-kennisbank/beton-cire-muur-benodigdheden/	https://beton-cire-webshop.nl/ruimtes/beton-cire-wand/	301	enabled
Verwijzingen	/beton-cire-kiezen-en-bestellen/	https://beton-cire-webshop.nl/	301	enabled
Verwijzingen	/beton-cire-kleuren/	https://beton-cire-webshop.nl/kleuren/	301	enabled
Verwijzingen	/beton-cire-kopen/	https://beton-cire-webshop.nl/	301	enabled
Verwijzingen	/beton-cire-muur-industriele-look-voor-een-moderne-uitstraling/	https://beton-cire-webshop.nl/ruimtes/beton-cire-wand/	301	enabled
Verwijzingen	/beton-cire-muur/	https://beton-cire-webshop.nl/ruimtes/beton-cire-wand/	301	enabled
Verwijzingen	/beton-cire-natte-ruimten/	https://beton-cire-webshop.nl/kennisbank/waterdicht-afwerken/	301	enabled
Verwijzingen	/beton-cire-original-kopie/	https://beton-cire-webshop.nl/beton-cire-original/	301	enabled
Verwijzingen	/beton-cire-original-voor-badkamers/	https://beton-cire-webshop.nl/beton-cire-original/	301	enabled
Verwijzingen	/beton-cire-original-voor-keukens/	https://beton-cire-webshop.nl/beton-cire-original/	301	enabled
Verwijzingen	/beton-cire-original-voor-meubels/	https://beton-cire-webshop.nl/beton-cire-original/	301	enabled
Verwijzingen	/beton-cire-original-voor-trappen/	https://beton-cire-webshop.nl/beton-cire-original/	301	enabled
Verwijzingen	/beton-cire-original-voor-vloeren/	https://beton-cire-webshop.nl/beton-cire-original/	301	enabled
Verwijzingen	/beton-cire-original-voor-wanden/	https://beton-cire-webshop.nl/beton-cire-original/	301	enabled
Verwijzingen	/beton-cire-pasta-all-in-one-voor-keukens/	https://beton-cire-webshop.nl/beton-cire-easyline-all-in-one/	301	enabled
Verwijzingen	/beton-cire-pasta-all-in-one-voor-meubels/	https://beton-cire-webshop.nl/beton-cire-easyline-all-in-one/	301	enabled
Verwijzingen	/beton-cire-pasta-all-in-one-voor-meubels/	https://beton-cire-webshop.nl/beton-cire-easyline-all-in-one/	301	enabled
Verwijzingen	/beton-cire-pasta-all-in-one-voor-trappen/	https://beton-cire-webshop.nl/beton-cire-easyline-all-in-one/	301	enabled
Verwijzingen	/beton-cire-pasta-all-in-one-voor-vloeren/	https://beton-cire-webshop.nl/beton-cire-easyline-all-in-one/	301	enabled
Verwijzingen	/beton-cire-vloer-tips/	https://beton-cire-webshop.nl/keuzehulp/beton-cire-vloer-tips/	301	enabled
Verwijzingen	/betonlook-badkamer/	https://beton-cire-webshop.nl/stucsoorten/betonlook-badkamer/	301	enabled
Verwijzingen	/betonlook-keuken-2/	https://beton-cire-webshop.nl/stucsoorten/betonlook-keuken/	301	enabled
Verwijzingen	/betonlook-keuken-maken/	https://beton-cire-webshop.nl/stucsoorten/betonlook-keuken/	301	enabled
Verwijzingen	/betonlook-keuken/	https://beton-cire-webshop.nl/stucsoorten/betonlook-keuken/	301	enabled
Verwijzingen	/betonlook-meubel/	https://beton-cire-webshop.nl/stucsoorten/betonlook-meubel/	301	enabled
Verwijzingen	/betonlook-tafel/	https://beton-cire-webshop.nl/stucsoorten/betonlook-meubel/	301	enabled
Verwijzingen	/betonlook-toilet/	https://beton-cire-webshop.nl/stucsoorten/betonlook-toilet/	301	enabled
Verwijzingen	/betonlook-trap/	https://beton-cire-webshop.nl/stucsoorten/betonlook-trap/	301	enabled
Verwijzingen	/betonlook-vloer/	https://beton-cire-webshop.nl/stucsoorten/betonlook-vloer/	301	enabled
Verwijzingen	/betonstuc-badkamer/	https://beton-cire-webshop.nl/stucsoorten/betonstuc-badkamer/	301	enabled
Verwijzingen	/betonstuc/	https://beton-cire-webshop.nl/stucsoorten/betonstuc/	301	enabled
Verwijzingen	/beugel-voor-rollers-van-50-cm/	https://beton-cire-webshop.nl/	301	enabled
Verwijzingen	/blogs/creaties/	https://beton-cire-webshop.nl/blog/	301	enabled
Verwijzingen	/blogs/creaties/creaties/	https://beton-cire-webshop.nl/blog/	301	enabled
Verwijzingen	/deco-stuc-basis-kleur-grijs-5-kg/	https://beton-cire-webshop.nl/	301	enabled
Verwijzingen	/deco-stuc-basis-kleur-wit-5-kg/	https://beton-cire-webshop.nl/	301	enabled
Verwijzingen	/deco-stuc-basis-kleur-zwart-5-kg/	https://beton-cire-webshop.nl/	301	enabled
Verwijzingen	/easyline-allinone-1-m2-emmer-voorgemengde-beton-cire-pasta/	https://beton-cire-webshop.nl/beton-cire-pasta-all-in-one-kant-klaar-losse-emmer-1m2/	301	enabled
Verwijzingen	/easyline-fine-1-m2-los-kopie/	https://beton-cire-webshop.nl/beton-cire-kant-en-klaar-fine-4m2-los-product/	301	enabled
Verwijzingen	/easyline-fine-4-m2-emmer-voorgemengde-beton-cire-pasta/	https://beton-cire-webshop.nl/beton-cire-kant-en-klaar-fine-4m2-los-product/	301	enabled
Verwijzingen	/easyline-raw-4-m2-emmer-voorgemengde-beton-cire-pasta/	https://beton-cire-webshop.nl/beton-cire-kant-en-klaar-raw-4m2-los-product/	301	enabled
Verwijzingen	/epoxy-primer-2-komponenten-5-kg-op-aanvraag/	https://beton-cire-webshop.nl/	301	enabled
Verwijzingen	/epoxy-stone-gietvloer-wat-is-het-hoe-werkt-het-en-is-het-iets-voor-jou/	/lavasteen-gietvloer-wat-is-het-hoe-werkt-het-en-is-het-iets-voor-jou/	301	enabled
Verwijzingen	/epoxystone-agave/	https://beton-cire-webshop.nl/beton-cire-2k-epoxystone-agave/	301	enabled
Verwijzingen	/epoxystone-anise/	https://beton-cire-webshop.nl/beton-cire-2k-epoxystone-anise/	301	enabled
Verwijzingen	/epoxystone-aquamarine/	https://beton-cire-webshop.nl/beton-cire-2k-epoxystone-aquamarine/	301	enabled
Verwijzingen	/epoxystone-ash/	https://beton-cire-webshop.nl/beton-cire-2k-epoxystone-ash/	301	enabled
Verwijzingen	/epoxystone-cream-peony/	https://beton-cire-webshop.nl/beton-cire-2k-epoxystone-cream-peony/	301	enabled
Verwijzingen	/epoxystone-fennel/	https://beton-cire-webshop.nl/beton-cire-2k-epoxystone-fennel/	301	enabled
Verwijzingen	/epoxystone-graphite/	https://beton-cire-webshop.nl/beton-cire-2k-epoxystone-graphite/	301	enabled
Verwijzingen	/epoxystone-hazel/	https://beton-cire-webshop.nl/beton-cire-2k-epoxystone-hazel/	301	enabled
Verwijzingen	/epoxystone-hillflower/	https://beton-cire-webshop.nl/beton-cire-2k-epoxystone-hillflower/	301	enabled
Verwijzingen	/epoxystone-linnen/	https://beton-cire-webshop.nl/beton-cire-2k-epoxystone-linnen/	301	enabled
Verwijzingen	/epoxystone-mellisa/	https://beton-cire-webshop.nl/beton-cire-2k-epoxystone-mellise/	301	enabled
Verwijzingen	/epoxystone-morning-dew/	https://beton-cire-webshop.nl/beton-cire-2k-epoxystone-morning-dew/	301	enabled
Verwijzingen	/epoxystone-mushroom/	https://beton-cire-webshop.nl/beton-cire-2k-epoxystone-mushroom/	301	enabled
Verwijzingen	/epoxystone-portobello/	https://beton-cire-webshop.nl/beton-cire-2k-epoxystone-portobello/	301	enabled
Verwijzingen	/epoxystone-reindeer-moss/	https://beton-cire-webshop.nl/beton-cire-2k-epoxystone-reindeer-moss/	301	enabled
Verwijzingen	/epoxystone-seashell/	https://beton-cire-webshop.nl/beton-cire-2k-epoxystone-seashell/	301	enabled
Verwijzingen	/epoxystone-shiitaki/	https://beton-cire-webshop.nl/beton-cire-2k-epoxystone-shiitaki/	301	enabled
Verwijzingen	/epoxystone-sterling/	https://beton-cire-webshop.nl/beton-cire-2k-epoxystone-sterling/	301	enabled
Verwijzingen	/epoxystone-wool/	https://beton-cire-webshop.nl/beton-cire-2k-epoxystone-wool/	301	enabled
Verwijzingen	/gereedschapset-epoxystone/	https://beton-cire-webshop.nl/beton-cire-2k-gereedschapset-epoxystone/	301	enabled
Verwijzingen	/gereedschapsset-easyline/	https://beton-cire-webshop.nl/gereedschapsset-beton-cire-kant-en-klaar-all-in-one-easyline/	301	enabled
Verwijzingen	/handleiding-beton-cire-easyline-all-in-one/	/handleidingen/handleiding-beton-cire-easyline-all-in-one/	301	enabled
Verwijzingen	/handleiding-beton-cire-easyline-kant-en-klaar/	/handleidingen/handleiding-beton-cire-easyline-kant-en-klaar/	301	enabled
Verwijzingen	/handleiding-croco-stuc/	/handleidingen/handleiding-croco-stuc/	301	enabled
Verwijzingen	/handleiding-metallic-velvet/	/handleidingen/handleiding-metallic-velvet/	301	enabled
Verwijzingen	/handleiding-pu-color/	/handleidingen/handleiding-pu-color/	301	enabled
Verwijzingen	/handleidingen/handleiding-beton-cire-2k-epoxystone/	/handleidingen/handleiding-lavasteen-beton-cire-2k-epoxystone/	301	enabled
Verwijzingen	/handleidingen/handleiding-beton-cire-all-in-one-kant-en-klaar/	/handleidingen/handleiding-beton-cire-erformance-microcement-kant-en-klaar/	301	enabled
Verwijzingen	/handleidingen/handleiding-beton-cire-erformance-microcement-kant-en-klaar/	/handleidingen/handleiding-beton-cire-performance-microcement-kant-en-klaar/	301	enabled
Verwijzingen	/handleidingen/handleiding-beton-cire-performance-microcement-kant-en-klaar-2/	/handleidingen/handleiding-epoxystone-nl/	301	enabled
Verwijzingen	/handleidingen/handleiding-beton-cire-performance-microcement-kant-en-klaar/	/handleidingen/handleiding-beton-cire-performance-kant-en-klaar-microcement/	301	enabled
Verwijzingen	/handleidingen/handleiding-epoxystone-nl/	/handleidingen/handleiding-beton-cire-2k-epoxystone/	301	enabled
Verwijzingen	/inspiratie/marloesdaily-schrijft-over-haar-ervaring-met-beton-cire-voor-een-groot-kookeiland/	https://beton-cire-webshop.nl/keuzehulp/marloesdaily-blog/	301	enabled
Verwijzingen	/is-beton-cire-duurder-dan-tegels-zetten-wij-rekenen-het-voor-je-uit/	https://beton-cire-webshop.nl/kennisbank/is-beton-cire-duurder-dan-tegels-zetten-wij-rekenen-het-voor-je-uit/	301	enabled
Verwijzingen	/is-beton-cire-duurder-dan-tegels-zetten-wij-rekenen-het-voor-u-uit/	https://beton-cire-webshop.nl/kennisbank/is-beton-cire-duurder-dan-tegels-zetten-wij-rekenen-het-voor-je-uit/	301	enabled
Verwijzingen	/kennisbank-2/	/kennisbank/	301	enabled
Verwijzingen	/kennisbank/beton-cire-aanbrengen-op-een-muur-wat-heeft-u-nodig/	https://beton-cire-webshop.nl/kennisbank/beton-cire-aanbrengen/	301	enabled
Verwijzingen	/kennisbank/beton-cire-termen-woordenlijst/	https://beton-cire-webshop.nl/	301	enabled
Verwijzingen	/kennisbank/de-voordelen-van-beton-cire/	https://beton-cire-webshop.nl/	301	enabled
Verwijzingen	/kennisbank/waarvoor-is-beton-cire-te-gebruiken/	https://beton-cire-webshop.nl/	301	enabled
Verwijzingen	/kennisbank/wat-is-het-geheim-van-beton-cire/	https://beton-cire-webshop.nl/	301	enabled
Verwijzingen	/kennisbank/welke-materialen-gereedschappen/	https://beton-cire-webshop.nl/kennisbank/beton-cire-aanbrengen/	301	enabled
Verwijzingen	/keuzehulp/beton-cire-aanbrengen-op-een-muur-wat-heb-je-nodig/	https://beton-cire-webshop.nl/kennisbank/beton-cire-aanbrengen/	301	enabled
Verwijzingen	/keuzehulp/betonlook-keuken/	https://beton-cire-webshop.nl/stucsoorten/betonlook-keuken/	301	enabled
Verwijzingen	/keuzehulp/langdurige-bescherming-voor-betonlook-trappen-in-drukke-huishoudens/	/kennisbank/langdurige-bescherming-voor-betonlook-trappen-in-drukke-huishoudens/	301	enabled
Verwijzingen	/keuzehulp/snelstartgids/	https://beton-cire-webshop.nl/keuzehulp/	301	enabled
Verwijzingen	/kimband-aanbrengen-voor-beton-cire/	https://beton-cire-webshop.nl/kennisbank/kimband-aanbrengen-voor-beton-cire/	301	enabled
Verwijzingen	/kleurstalen-easyline-all-in-one-aanvragen/	/kleurstalen-microcement-aanvragen/	301	enabled
Verwijzingen	/locatie/beton-cire-delft-2/	/locatie/beton-cire-almere/	301	enabled
Verwijzingen	/locatie/beton-cire-limburg/	https://beton-cire-webshop.nl/locatie/beton-cire-maastricht/	301	enabled
Verwijzingen	/locatie/beton-cire-nederland/	https://beton-cire-webshop.nl/	301	enabled
Verwijzingen	/lokaal/beton-cire-den-haag/	https://beton-cire-webshop.nl/	301	enabled
Verwijzingen	/mamsatwork-aan-de-slag-met-metallic-velvet/	https://beton-cire-webshop.nl/keuzehulp/mamsatwork-blog/	301	enabled
Verwijzingen	/mamsatwork-schrijft-over-haar-ervaring-met-beton-cire-voor-het-maken-van-een-vensterbank/	https://beton-cire-webshop.nl/keuzehulp/mamsatwork-blog/	301	enabled
Verwijzingen	/marloesdaily-blog/	https://beton-cire-webshop.nl/keuzehulp/marloesdaily-blog/	301	enabled
Verwijzingen	/marloesdaily-schrijft-over-haar-ervaring-met-beton-cire-voor-een-groot-kookeiland/	https://beton-cire-webshop.nl/keuzehulp/marloesdaily-blog/	301	enabled
Verwijzingen	/metal-stuc-de-ultieme-wand-afwerking/	https://beton-cire-webshop.nl/kennisbank/metal-stuc-de-ultieme-wand-afwerking/	301	enabled
Verwijzingen	/metallic-velvet-kleuren/	https://beton-cire-webshop.nl/product-categorie/metallic-velvet/	301	enabled
Verwijzingen	/metallic-velvet/	https://beton-cire-webshop.nl/metallic-stuc/	301	enabled
Verwijzingen	/offerte-aanvragen/	/offerte/	301	enabled
Verwijzingen	/presealer/	https://beton-cire-webshop.nl/preseal/	301	enabled
Verwijzingen	/primer-puur/	https://beton-cire-webshop.nl/eco-primer-1l-10m2/	301	enabled
Verwijzingen	/primer-voor-niet-zuigende-ondergronden-1-kg-15m2/	https://beton-cire-webshop.nl/primer-voor-niet-zuigende-ondergronden-5m2/	301	enabled
Verwijzingen	/primer-voor-zuigende-ondergronden-1l-10m2/	https://beton-cire-webshop.nl/eco-primer-1l-10m2/	301	enabled
Verwijzingen	/privacy-policy/	https://beton-cire-webshop.nl/privacybeleid/	301	enabled
Verwijzingen	/product-betonlook-verf/	https://beton-cire-webshop.nl/betonlook-verf/	301	enabled
Verwijzingen	/product-categorie/beton-cire/all-in-one/aiogrijs/	https://beton-cire-webshop.nl/product-categorie/beton-cire/all-in-one/all-in-onegrijs/	301	enabled
Verwijzingen	/product-categorie/beton-cire/all-in-one/aiogroen/	https://beton-cire-webshop.nl/product-categorie/beton-cire/all-in-one/all-in-onegroen/	301	enabled
Verwijzingen	/product-categorie/beton-cire/all-in-one/aiorood/	https://beton-cire-webshop.nl/product-categorie/beton-cire/all-in-one/all-in-one-rood/	301	enabled
Verwijzingen	/product-categorie/beton-cire/all-in-one/aiozand/	https://beton-cire-webshop.nl/product-categorie/beton-cire/all-in-one/all-in-onezand/	301	enabled
Verwijzingen	/product-categorie/beton-cire/all-in-one/aiozwart/	https://beton-cire-webshop.nl/product-categorie/beton-cire/all-in-one/all-in-onezwart/	301	enabled
Verwijzingen	/product-categorie/beton-cire/all-in-one/all-in-onerood/	https://beton-cire-webshop.nl/product-categorie/beton-cire/all-in-one/all-in-one-rood/	301	enabled
Verwijzingen	/product-categorie/beton-cire/all-in-one/beige-kant-en-klaar/	https://beton-cire-webshop.nl/product-categorie/beton-cire/all-in-one/all-in-onebeige/	301	enabled
Verwijzingen	/product-categorie/beton-cire/all-in-one/wit-kant-en-klaar/	https://beton-cire-webshop.nl/product-categorie/beton-cire/all-in-one/all-in-onewit/	301	enabled
Verwijzingen	/product-categorie/beton-cire/beige/	https://beton-cire-webshop.nl/product-categorie/beton-cire/original/beige-original/	301	enabled
Verwijzingen	/product-categorie/beton-cire/blauw/	https://beton-cire-webshop.nl/product-categorie/beton-cire/original/blauw-original/	301	enabled
Verwijzingen	/product-categorie/beton-cire/bruin/	https://beton-cire-webshop.nl/product-categorie/beton-cire/original/bruin-original/	301	enabled
Verwijzingen	/product-categorie/beton-cire/easyline-kant-en-klaar/	https://beton-cire-webshop.nl/product-categorie/beton-cire/easyline/	301	enabled
Verwijzingen	/product-categorie/beton-cire/easyline-kant-en-klaar/beige/	https://beton-cire-webshop.nl/product-categorie/beton-cire/easyline/easyline-beige/	301	enabled
Verwijzingen	/product-categorie/beton-cire/easyline-kant-en-klaar/blauw/	https://beton-cire-webshop.nl/product-categorie/beton-cire/easyline/easyline-blauw/	301	enabled
Verwijzingen	/product-categorie/beton-cire/easyline-kant-en-klaar/bruin/	https://beton-cire-webshop.nl/product-categorie/beton-cire/easyline/easyline-bruin/	301	enabled
Verwijzingen	/product-categorie/beton-cire/easyline-kant-en-klaar/easylinegrijs/	https://beton-cire-webshop.nl/product-categorie/beton-cire/easyline/easyline-grijs/	301	enabled
Verwijzingen	/product-categorie/beton-cire/easyline-kant-en-klaar/easylinegroen/	https://beton-cire-webshop.nl/product-categorie/beton-cire/easyline/easyline-groen/	301	enabled
Verwijzingen	/product-categorie/beton-cire/easyline-kant-en-klaar/easylineroze/	https://beton-cire-webshop.nl/product-categorie/beton-cire/easyline/easyline-roze/	301	enabled
Verwijzingen	/product-categorie/beton-cire/easyline-kant-en-klaar/easylinetaupe/	https://beton-cire-webshop.nl/product-categorie/beton-cire/easyline/easyline-taupe/	301	enabled
Verwijzingen	/product-categorie/beton-cire/easyline-kant-en-klaar/easylinezwart/	https://beton-cire-webshop.nl/product-categorie/beton-cire/easyline/easyline-zwart/	301	enabled
Verwijzingen	/product-categorie/beton-cire/easyline-kant-en-klaar/grijs/	https://beton-cire-webshop.nl/product-categorie/beton-cire/easyline/easyline-grijs/	301	enabled
Verwijzingen	/product-categorie/beton-cire/easyline-kant-en-klaar/groen/	https://beton-cire-webshop.nl/product-categorie/beton-cire/easyline/easyline-groen/	301	enabled
Verwijzingen	/product-categorie/beton-cire/easyline-kant-en-klaar/rood/	https://beton-cire-webshop.nl/product-categorie/beton-cire/easyline/easyline-rood/	301	enabled
Verwijzingen	/product-categorie/beton-cire/easyline-kant-en-klaar/zwart/	https://beton-cire-webshop.nl/product-categorie/beton-cire/easyline/easyline-zwart/	301	enabled
Verwijzingen	/product-categorie/beton-cire/grijs/	https://beton-cire-webshop.nl/product-categorie/beton-cire/original/grijs-original/	301	enabled
Verwijzingen	/product-categorie/beton-cire/groen/	https://beton-cire-webshop.nl/product-categorie/beton-cire/original/groen-original/	301	enabled
Verwijzingen	/product-categorie/beton-cire/original/originalrood/	https://beton-cire-webshop.nl/product-categorie/beton-cire/original/original-rood/	301	enabled
Verwijzingen	/product-categorie/beton-cire/original/page/2/	https://beton-cire-webshop.nl/beton-cire-original/	301	enabled
Verwijzingen	/product-categorie/beton-cire/rood/	https://beton-cire-webshop.nl/product-categorie/beton-cire/original/original-rood/	301	enabled
Verwijzingen	/product-categorie/beton-cire/roze/	https://beton-cire-webshop.nl/product-categorie/beton-cire/original/roze-original/	301	enabled
Verwijzingen	/product-categorie/beton-cire/taupe/	https://beton-cire-webshop.nl/product-categorie/beton-cire/original/taupe-original/	301	enabled
Verwijzingen	/product-categorie/beton-cire/wit/	https://beton-cire-webshop.nl/product-categorie/beton-cire/original/wit-original/	301	enabled
Verwijzingen	/product-categorie/beton-cire/zand/	https://beton-cire-webshop.nl/product-categorie/beton-cire/original/zand-original/	301	enabled
Verwijzingen	/product-categorie/beton-cire/zwart/	https://beton-cire-webshop.nl/product-categorie/beton-cire/original/zwart-original/	301	enabled
Verwijzingen	/product-categorie/betonlook-verf/	https://beton-cire-webshop.nl/betonlook-verf/	301	enabled
Verwijzingen	/product-categorie/croco-stuc/	https://beton-cire-webshop.nl/croco-stuc/	301	enabled
Verwijzingen	/pu-voor-de-keuken-2m2-voor-2-lagen/	https://beton-cire-webshop.nl/pu-voor-de-keuken-spatscherm-2m%C2%B2-voor-2-lagen/	301	enabled
Verwijzingen	/pu-voor-vloer-muur-badkamer-trap-meubel-4m2/	https://beton-cire-webshop.nl/pu-voor-vloer-muur-badkamer-trap-meubel-4m2-basis-pu/	301	enabled
Verwijzingen	/ruimtes/badkamer-tegels-bedekken-met-beton-cire/	https://beton-cire-webshop.nl/ruimtes/beton-cire-over-tegels/	301	enabled
Verwijzingen	/ruimtes/badkamer/	/ruimtes/beton-cire-badkamer/	301	enabled
Verwijzingen	/ruimtes/beton-cire-meubel/	/ruimtes/beton-cire-woonkamer/	301	enabled
Verwijzingen	/ruimtes/betonlook/	https://beton-cire-webshop.nl/stucsoorten/betonlook/	301	enabled
Verwijzingen	/ruimtes/keuken/	/ruimtes/beton-cire-keuken/	301	enabled
Verwijzingen	/ruimtes/meubel/	/ruimtes/beton-cire-woonkamer/	301	enabled
Verwijzingen	/ruimtes/meubels/	https://beton-cire-webshop.nl/ruimtes/beton-cire-woonkamer/	301	enabled
Verwijzingen	/ruimtes/muren/	https://beton-cire-webshop.nl/ruimtes/beton-cire-wand/	301	enabled
Verwijzingen	/ruimtes/muur/	/ruimtes/beton-cire-wand/	301	enabled
Verwijzingen	/ruimtes/over-tegels/	https://beton-cire-webshop.nl/ruimtes/beton-cire-over-tegels/	301	enabled
Verwijzingen	/ruimtes/toilet/	https://beton-cire-webshop.nl/ruimtes/beton-cire-toilet/	301	enabled
Verwijzingen	/ruimtes/trappen/	https://beton-cire-webshop.nl/ruimtes/beton-cire-trappen/	301	enabled
Verwijzingen	/ruimtes/vloer/	https://beton-cire-webshop.nl/ruimtes/beton-cire-vloer/	301	enabled
Verwijzingen	/ruimtes/vloeren/	https://beton-cire-webshop.nl/ruimtes/beton-cire-vloer/	301	enabled
Verwijzingen	/smartdeco-blog/	https://beton-cire-webshop.nl/blog/	301	enabled
Verwijzingen	/snelstart-gids-aan-de-slag-met-beton-cire-tips-trics/	https://beton-cire-webshop.nl/keuzehulp/snelstartgids/	301	enabled
Verwijzingen	/snelstartgids/	https://beton-cire-webshop.nl/keuzehulp/snelstartgids/	301	enabled
Verwijzingen	/steden/	/locatie/	301	enabled
Verwijzingen	/structuur-borstel/	https://beton-cire-webshop.nl/structuur-spaan/	301	enabled
Verwijzingen	/tegel-egalisatie/	https://beton-cire-webshop.nl/ruimtes/beton-cire-over-tegels/	301	enabled
Verwijzingen	/toepassingen/badkamer-landing/	https://beton-cire-webshop.nl/ruimtes/beton-cire-badkamer/	301	enabled
Verwijzingen	/toepassingen/badkamer/	https://beton-cire-webshop.nl/ruimtes/beton-cire-badkamer/	301	enabled
Verwijzingen	/toepassingen/beton-cire-badkamer-douche/	https://beton-cire-webshop.nl/ruimtes/beton-cire-badkamer/	301	enabled
Verwijzingen	/toepassingen/prijzen-betonlook/	https://beton-cire-webshop.nl/	301	enabled
Verwijzingen	/veel-gestelde-vragen/	/veelgestelde-vragen/	301	enabled
Verwijzingen	/verzending-retourneren/	https://beton-cire-webshop.nl/verzending/	301	enabled
Verwijzingen	/voordelen-en-nadelen-beton-cire-badkamer/	https://beton-cire-webshop.nl/keuzehulp/voordelen-en-nadelen-beton-cire-badkamer/	301	enabled
Verwijzingen	/wat-is-beton-cire/	https://beton-cire-webshop.nl/kennisbank/wat-is-beton-cire/	301	enabled
Verwijzingen	/waterdicht-afwerken/	https://beton-cire-webshop.nl/kennisbank/waterdicht-afwerken/	301	enabled
Verwijzingen	/welke-materialen-gereedschappen/	https://beton-cire-webshop.nl/kennisbank/beton-cire-aanbrengen/	301	enabled
Verwijzingen	/welke-soorten-beton-cire-zijn-er/	https://beton-cire-webshop.nl/kennisbank/welke-soorten-beton-cire-zijn-er/	301	enabled
Verwijzingen	/welke-voorbereidingen-moeten-er-getroffen-worden/	https://beton-cire-webshop.nl/kennisbank/welke-voorbereidingen-moeten-er-getroffen-worden/	301	enabled
Verwijzingen	/wij-zijn-smartdeco/	https://beton-cire-webshop.nl/	301	enabled
Verwijzingen	/workshop-op-locatie-met-een-specialist/	https://beton-cire-webshop.nl/workshops/	301	enabled
Verwijzingen	/wp-content/uploads/2020/11/easyline-technische-uitleg-overig.pdf	https://beton-cire-webshop.nl/wp-content/uploads/2024/02/Easyline-beschrijving-2-2024.pdf	301	enabled
Verwijzingen	/wp-content/uploads/2022/10/ruimtes-muren-voorbeeld-2-1.webp	https://beton-cire-webshop.nl/wp-content/uploads/2024/02/IMG_7209-scaled-1-1024x683.jpeg	301	enabled
Verwijzingen	/wp-content/uploads/2022/11/handleiding-beton-cire-easyline-andere-toepassingen-hu.pdf	https://beton-cire-webshop.nl/wp-content/uploads/2024/02/Easyline-beschrijving-2-2024.pdf	301	enabled
Verwijzingen	/wp-content/uploads/2022/11/handleiding-beton-cire-easyline-andere-toepassingen-nl.pdf	https://beton-cire-webshop.nl/wp-content/uploads/2024/02/Easyline-beschrijving-2-2024.pdf	301	enabled
Verwijzingen	/wp-content/uploads/2022/11/handleiding-beton-cire-easyline-keuken-hu.pdf	https://beton-cire-webshop.nl/wp-content/uploads/2024/02/Easyline-beschrijving-2-2024.pdf	301	enabled
Verwijzingen	/wp-content/uploads/2022/11/handleiding-beton-cire-easyline-keuken-nl.pdf	https://beton-cire-webshop.nl/wp-content/uploads/2024/02/Easyline-beschrijving-2-2024.pdf	301	enabled
Verwijzingen	/wp-content/uploads/2022/11/handleiding-beton-cire-original-nl.pdf	https://beton-cire-webshop.nl/wp-content/uploads/2024/02/handleiding-beton-cire-original-nl-2024.pdf	301	enabled
Verwijzingen	/wp-content/uploads/2022/11/handleiding-metallic-velvet-en.pdf	https://beton-cire-webshop.nl/wp-content/uploads/2024/05/Manual-Metallic-Velvet-.pdf	301	enabled
Verwijzingen	/wp-content/uploads/2022/11/handleiding-metallic-velvet-nl.pdf	https://beton-cire-webshop.nl/wp-content/uploads/2024/05/Handleiding-Metallic-Velvet.pdf	301	enabled
Verwijzingen	/wp-content/uploads/2022/12/handleiding-pu-color-nl.pdf	https://beton-cire-webshop.nl/wp-content/uploads/2024/05/Handleiding-PU-Color.pdf	301	enabled
Verwijzingen	/wp-content/uploads/2023/02/Handleiding-Beton-Cire-EasyLine-All-in-One-PDF.pdf	https://beton-cire-webshop.nl/wp-content/uploads/2024/02/Handleiding-Beton-Cire-EasyLine-All-in-One-24.pdf	301	enabled
